tweet,user,date
$coby,Uyutoftoday,2025-01-22T09:35:16.000Z
$coby,Jared,2025-01-22T09:32:01.000Z
$coby,Uyutoftoday,2025-01-22T09:30:05.000Z
$COBY ,Universe |,2025-01-22T09:24:11.000Z
$Coby and $Munch my biggest convictions!,GODLY,2025-01-22T09:15:31.000Z
$Munch and $Coby for sure,GODLY,2025-01-22T09:14:45.000Z
" $MUMU 
$POPCAT
$MICHI
$MOG
$GIKO
$HEHE
$COBY
$WIF
$SIGMA
$LOCKIN",Mr. Ox,2025-01-22T09:07:51.000Z
$Coby,H,2025-01-22T09:06:27.000Z
$coby,Stone,2025-01-22T08:02:30.000Z
"Making money is easy when you have your bestfriend just like $COBY

We're about to send it much higher!",Mercieca,2025-01-22T07:52:56.000Z
The only way to solve the national debt is to buy more $COBY,111,2025-01-22T07:42:56.000Z
$COBY,111,2025-01-22T07:40:07.000Z
if the order was based on cult ranking id place $coby on top,Mamba,2025-01-22T07:33:13.000Z
$Coby coded,Josh |,2025-01-22T07:26:18.000Z
$Coby coded. Send it higher. love this list.,Timithy,2025-01-22T07:24:38.000Z
"$POPCAT
$MICHI
$MOG
$GIKO
$HEHE
$COBY
$WIF
$SIGMA
$LOCKIN
#MOODENG",Whhyzz,2025-01-22T07:22:50.000Z
Higher for the homie $Coby ,alex.nft,2025-01-22T07:21:27.000Z
"$POPCAT
$MICHI
$MOG
$GIKO
$HEHE
$COBY
$WIF
$SIGMA
$LOCKIN
#MOODENG",MrPunk.eth,2025-01-22T07:16:58.000Z
Feel like $COBY ready to rip,BALZ,2025-01-22T07:04:33.000Z
Best friend spotted  $Coby,alex.nft,2025-01-22T05:45:16.000Z
I see $coby,Stone,2025-01-22T05:38:02.000Z
$Coby,Guala,2025-01-22T04:24:24.000Z
"they raped my best friend $Coby
how is the market cap at 3m

not cool",raggy,2025-01-22T03:59:27.000Z
"You a real one, Rich  

$Coby to Cobyllions ",alex.nft,2025-01-22T03:42:19.000Z
$coby,indeli,2025-01-22T03:17:46.000Z
"BEST TIME TO ACCUMULATE,

Tell me you aren't buying $COBY.",karl,2025-01-22T03:09:26.000Z
I giga bullish on $coby,Socalmonster (Unofficial $Coby whale),2025-01-22T02:11:16.000Z
$coby my best friend,r/coby,2025-01-22T02:02:22.000Z
$coby to cobyllions,CentralTrades,2025-01-22T01:59:13.000Z
$zyn and $coby now I’m going to need you to hold up your end of the deal ser,Joshua,2025-01-22T01:58:14.000Z
"$Coby will be a house hold name, our best friend.",Timithy,2025-01-22T01:51:10.000Z
$zyn and $coby are going to print. Slow cook season almost over,Joshua,2025-01-22T01:51:00.000Z
$zyn making a lot of noise. Reminds me of $coby tbh two super undervalued tokens with HUGE communities that grind.,Joshua,2025-01-22T01:49:30.000Z
